{"cameraMode":{"drawMode":0,"name":"Shaded","section":"Shading Mode"},"sceneLighting":false,"audioPlay":false,"sceneViewState":{"showFog":false,"showMaterialUpdate":false,"showSkybox":false,"showFlares":false,"showImageEffects":false,"showParticleSystems":false},"in2DMode":false,"pivot":{"x":1.4783834218978882,"y":-0.10983896255493164,"z":2.0509817600250246},"rotation":{"x":0.18243184685707093,"y":0.6173973679542542,"z":-0.15010429918766023,"w":0.7503451704978943},"size":1.501495122909546,"orthographic":false}