{"cameraMode":{"drawMode":0,"name":"Shaded","section":"Shading Mode"},"sceneLighting":false,"audioPlay":false,"sceneViewState":{"showFog":false,"showMaterialUpdate":false,"showSkybox":false,"showFlares":false,"showImageEffects":false,"showParticleSystems":false},"in2DMode":false,"pivot":{"x":-2.0193333625793459,"y":1.1644248962402344,"z":-0.7647123336791992},"rotation":{"x":0.381868451833725,"y":0.2264990359544754,"z":-0.09710221737623215,"w":0.890760600566864},"size":13.471385955810547,"orthographic":false}