{"cameraMode":{"drawMode":0,"name":"Shaded","section":"Shading Mode"},"sceneLighting":false,"audioPlay":false,"sceneViewState":{"showFog":true,"showMaterialUpdate":true,"showSkybox":false,"showFlares":true,"showImageEffects":true,"showParticleSystems":true},"in2DMode":false,"pivot":{"x":0.26832032203674319,"y":1.0403971672058106,"z":10.494144439697266},"rotation":{"x":0.1272924244403839,"y":0.5459898114204407,"z":-0.08436905592679978,"w":0.8237841725349426},"size":1.7660253047943116,"orthographic":false}