{"cameraMode":{"drawMode":0,"name":"Shaded","section":"Shading Mode"},"sceneLighting":false,"audioPlay":false,"sceneViewState":{"showFog":false,"showMaterialUpdate":false,"showSkybox":false,"showFlares":false,"showImageEffects":false,"showParticleSystems":false},"in2DMode":false,"pivot":{"x":-0.1185905933380127,"y":1.0399999618530274,"z":17.79769515991211},"rotation":{"x":-0.15353675186634065,"y":-0.16312912106513978,"z":0.02571188285946846,"w":-0.9742529392242432},"size":1.9034438133239747,"orthographic":false}