{"cameraMode":{"drawMode":0,"name":"Shaded","section":"Shading Mode"},"sceneLighting":false,"audioPlay":false,"sceneViewState":{"showFog":false,"showMaterialUpdate":false,"showSkybox":false,"showFlares":false,"showImageEffects":false,"showParticleSystems":false},"in2DMode":false,"pivot":{"x":19.29306983947754,"y":-16.875791549682618,"z":-2.3837804794311525},"rotation":{"x":-0.3498780429363251,"y":-0.5028674602508545,"z":0.23294870555400849,"w":-0.7552834749221802},"size":24.747095108032228,"orthographic":false}