{"cameraMode":{"drawMode":0,"name":"Shaded","section":"Shading Mode"},"sceneLighting":false,"audioPlay":false,"sceneViewState":{"showFog":true,"showMaterialUpdate":true,"showSkybox":false,"showFlares":true,"showImageEffects":true,"showParticleSystems":true},"in2DMode":false,"pivot":{"x":-1.584734559059143,"y":-1.4155311584472657,"z":358.8719787597656},"rotation":{"x":0.00540916807949543,"y":0.7988995313644409,"z":-0.6014355421066284,"w":0.0071759712882339958},"size":6.737166404724121,"orthographic":false}