{"cameraMode":{"drawMode":0,"name":"Shaded","section":"Shading Mode"},"sceneLighting":true,"audioPlay":false,"sceneViewState":{"showFog":false,"showMaterialUpdate":false,"showSkybox":false,"showFlares":false,"showImageEffects":false,"showParticleSystems":false},"in2DMode":false,"pivot":{"x":1.4107619524002076,"y":0.3735010623931885,"z":10.63206672668457},"rotation":{"x":-0.2992163598537445,"y":-0.3822139501571655,"z":0.13233502209186555,"w":-0.8642238974571228},"size":2.4073948860168459,"orthographic":false}