{"cameraMode":{"drawMode":0,"name":"Shaded","section":"Shading Mode"},"sceneLighting":false,"audioPlay":false,"sceneViewState":{"showFog":false,"showMaterialUpdate":false,"showSkybox":false,"showFlares":false,"showImageEffects":false,"showParticleSystems":false},"in2DMode":false,"pivot":{"x":1.6173243522644044,"y":-0.12406706809997559,"z":10.982393264770508},"rotation":{"x":0.1361921727657318,"y":0.05409759283065796,"z":-0.007372740656137466,"w":0.9892293810844421},"size":3.9106667041778566,"orthographic":false}