{"cameraMode":{"drawMode":0,"name":"Shaded","section":"Shading Mode"},"sceneLighting":false,"audioPlay":false,"sceneViewState":{"showFog":false,"showMaterialUpdate":false,"showSkybox":false,"showFlares":false,"showImageEffects":false,"showParticleSystems":false},"in2DMode":false,"pivot":{"x":-128.18112182617188,"y":1395.2392578125,"z":-4.397546768188477},"rotation":{"x":-0.07154122740030289,"y":-0.9054184556007385,"z":0.16926124691963197,"w":-0.3826906681060791},"size":3.2529642581939699,"orthographic":false}