{"cameraMode":{"drawMode":0,"name":"Shaded","section":"Shading Mode"},"sceneLighting":false,"audioPlay":false,"sceneViewState":{"showFog":false,"showMaterialUpdate":false,"showSkybox":false,"showFlares":false,"showImageEffects":false,"showParticleSystems":false},"in2DMode":false,"pivot":{"x":-0.0133514404296875,"y":-0.7452263832092285,"z":-5.038135528564453},"rotation":{"x":-0.26734185218811037,"y":-0.44105103611946108,"z":0.1394885927438736,"w":-0.8453161120414734},"size":11.236102104187012,"orthographic":false}