{"cameraMode":{"drawMode":0,"name":"Shaded","section":"Shading Mode"},"sceneLighting":false,"audioPlay":false,"sceneViewState":{"showFog":false,"showMaterialUpdate":false,"showSkybox":false,"showFlares":false,"showImageEffects":false,"showParticleSystems":false},"in2DMode":false,"pivot":{"x":-120.0586166381836,"y":1391.6141357421875,"z":-1.9891979694366456},"rotation":{"x":-0.09562906622886658,"y":0.41284114122390749,"z":-0.043637748807668689,"w":-0.9047192335128784},"size":1.8914918899536133,"orthographic":false}