{"cameraMode":{"drawMode":0,"name":"Shaded","section":"Shading Mode"},"sceneLighting":false,"audioPlay":false,"sceneViewState":{"showFog":false,"showMaterialUpdate":false,"showSkybox":false,"showFlares":false,"showImageEffects":false,"showParticleSystems":false},"in2DMode":false,"pivot":{"x":0.4984775483608246,"y":-1.0589337348937989,"z":-6.55884313583374},"rotation":{"x":-0.16742292046546937,"y":-0.03404082730412483,"z":0.005768447648733854,"w":-0.9853132963180542},"size":1.0458667278289796,"orthographic":false}