{"cameraMode":{"drawMode":0,"name":"Shaded","section":"Shading Mode"},"sceneLighting":false,"audioPlay":false,"sceneViewState":{"showFog":false,"showMaterialUpdate":false,"showSkybox":false,"showFlares":false,"showImageEffects":false,"showParticleSystems":false},"in2DMode":false,"pivot":{"x":5.884476661682129,"y":2.4461581707000734,"z":15.41986083984375},"rotation":{"x":-0.015308606438338757,"y":-0.005402334034442902,"z":0.0000823385053081438,"w":-0.9998692870140076},"size":4.233548641204834,"orthographic":false}