{"cameraMode":{"drawMode":0,"name":"Shaded","section":"Shading Mode"},"sceneLighting":false,"audioPlay":false,"sceneViewState":{"showFog":false,"showMaterialUpdate":false,"showSkybox":false,"showFlares":false,"showImageEffects":false,"showParticleSystems":false},"in2DMode":false,"pivot":{"x":3.610849380493164,"y":2.335315704345703,"z":-4.649158954620361},"rotation":{"x":-0.3509049415588379,"y":0.03647281602025032,"z":-0.013696491718292237,"w":-0.9356356859207153},"size":3.145866632461548,"orthographic":false}