{"cameraMode":{"drawMode":0,"name":"Shaded","section":"Shading Mode"},"sceneLighting":false,"audioPlay":false,"sceneViewState":{"showFog":true,"showMaterialUpdate":true,"showSkybox":false,"showFlares":true,"showImageEffects":true,"showParticleSystems":true},"in2DMode":false,"pivot":{"x":-1.641133189201355,"y":4.312685012817383,"z":-131.957763671875},"rotation":{"x":-0.049517035484313968,"y":-0.821176290512085,"z":0.563982367515564,"w":-0.07210022956132889},"size":9.325088500976563,"orthographic":false}