{"cameraMode":{"drawMode":0,"name":"Shaded","section":"Shading Mode"},"sceneLighting":false,"audioPlay":false,"sceneViewState":{"showFog":false,"showMaterialUpdate":false,"showSkybox":false,"showFlares":false,"showImageEffects":false,"showParticleSystems":false},"in2DMode":false,"pivot":{"x":13.303812026977539,"y":-19.64838409423828,"z":-12.33427906036377},"rotation":{"x":0.4243035912513733,"y":0.5425262451171875,"z":-0.36878007650375368,"w":0.6242140531539917},"size":28.01214599609375,"orthographic":false}