{"cameraMode":{"drawMode":0,"name":"Shaded","section":"Shading Mode"},"sceneLighting":false,"audioPlay":false,"sceneViewState":{"showFog":true,"showMaterialUpdate":true,"showSkybox":false,"showFlares":true,"showImageEffects":true,"showParticleSystems":true},"in2DMode":false,"pivot":{"x":1.0738202333450318,"y":1.3800005912780762,"z":10.131806373596192},"rotation":{"x":0.18546077609062196,"y":-0.7243189215660095,"z":0.21363034844398499,"w":0.6287962198257446},"size":1.538813829421997,"orthographic":false}