{"cameraMode":{"drawMode":0,"name":"Shaded","section":"Shading Mode"},"sceneLighting":false,"audioPlay":false,"sceneViewState":{"showFog":false,"showMaterialUpdate":false,"showSkybox":false,"showFlares":false,"showImageEffects":false,"showParticleSystems":false},"in2DMode":false,"pivot":{"x":-10.9366455078125,"y":-3.771249294281006,"z":9.243084907531739},"rotation":{"x":-0.2947053015232086,"y":0.15531118214130402,"z":-0.048630259931087497,"w":-0.9416620135307312},"size":18.26613998413086,"orthographic":false}