{"cameraMode":{"drawMode":0,"name":"Shaded","section":"Shading Mode"},"sceneLighting":false,"audioPlay":false,"sceneViewState":{"showFog":false,"showMaterialUpdate":false,"showSkybox":false,"showFlares":false,"showImageEffects":false,"showParticleSystems":false},"in2DMode":false,"pivot":{"x":-2.3277125358581545,"y":3.301987648010254,"z":14.427360534667969},"rotation":{"x":0.4311218559741974,"y":0.1384662687778473,"z":-0.06714209914207459,"w":0.8890811800956726},"size":7.46596622467041,"orthographic":false}