{"cameraMode":{"drawMode":0,"name":"Shaded","section":"Shading Mode"},"sceneLighting":false,"audioPlay":false,"sceneViewState":{"showFog":false,"showMaterialUpdate":false,"showSkybox":false,"showFlares":false,"showImageEffects":false,"showParticleSystems":false},"in2DMode":false,"pivot":{"x":-113.0767593383789,"y":1388.3797607421875,"z":12.337714195251465},"rotation":{"x":0.2914886176586151,"y":0.22703447937965394,"z":-0.07142622023820877,"w":0.9264959692955017},"size":13.166952133178711,"orthographic":false}