{"cameraMode":{"drawMode":0,"name":"Shaded","section":"Shading Mode"},"sceneLighting":false,"audioPlay":false,"sceneViewState":{"showFog":true,"showMaterialUpdate":true,"showSkybox":false,"showFlares":true,"showImageEffects":true,"showParticleSystems":true},"in2DMode":false,"pivot":{"x":5.049476623535156,"y":0.24148069322109223,"z":-6.356864929199219},"rotation":{"x":0.05213199183344841,"y":0.9247364401817322,"z":-0.1372111737728119,"w":0.3512275815010071},"size":11.71412467956543,"orthographic":false}