{"cameraMode":{"drawMode":0,"name":"Shaded","section":"Shading Mode"},"sceneLighting":false,"audioPlay":false,"sceneViewState":{"showFog":true,"showMaterialUpdate":true,"showSkybox":false,"showFlares":true,"showImageEffects":true,"showParticleSystems":true},"in2DMode":false,"pivot":{"x":-0.7980985045433044,"y":2.5997982025146486,"z":358.810546875},"rotation":{"x":0.011952868662774563,"y":0.9168049693107605,"z":-0.3982645273208618,"w":0.027496838942170144},"size":6.532276630401611,"orthographic":false}