{"cameraMode":{"drawMode":0,"name":"Shaded","section":"Shading Mode"},"sceneLighting":true,"audioPlay":false,"sceneViewState":{"showFog":false,"showMaterialUpdate":false,"showSkybox":false,"showFlares":false,"showImageEffects":false,"showParticleSystems":false},"in2DMode":false,"pivot":{"x":98.35978698730469,"y":-103.4372787475586,"z":92.49185943603516},"rotation":{"x":0.3016780912876129,"y":0.610070526599884,"z":-0.27024734020233157,"w":0.6810202598571777},"size":84.88433074951172,"orthographic":false}