{"cameraMode":{"drawMode":0,"name":"Shaded","section":"Shading Mode"},"sceneLighting":false,"audioPlay":false,"sceneViewState":{"showFog":true,"showMaterialUpdate":true,"showSkybox":false,"showFlares":true,"showImageEffects":true,"showParticleSystems":true},"in2DMode":false,"pivot":{"x":-52.99433898925781,"y":79.42982482910156,"z":239.27073669433595},"rotation":{"x":0.07512222230434418,"y":0.05593753606081009,"z":-0.004229396115988493,"w":0.9956247806549072},"size":7.2963128089904789,"orthographic":false}