{"cameraMode":{"drawMode":0,"name":"Shaded","section":"Shading Mode"},"sceneLighting":false,"audioPlay":false,"sceneViewState":{"showFog":false,"showMaterialUpdate":false,"showSkybox":false,"showFlares":false,"showImageEffects":false,"showParticleSystems":false},"in2DMode":false,"pivot":{"x":-0.3377070426940918,"y":1.5660626888275147,"z":7.975902557373047},"rotation":{"x":0.1723117083311081,"y":-0.5167264342308044,"z":0.10713636130094528,"w":0.8318214416503906},"size":3.5559351444244386,"orthographic":false}