{"cameraMode":{"drawMode":0,"name":"Shaded","section":"Shading Mode"},"sceneLighting":false,"audioPlay":false,"sceneViewState":{"showFog":true,"showMaterialUpdate":true,"showSkybox":false,"showFlares":true,"showImageEffects":true,"showParticleSystems":true},"in2DMode":false,"pivot":{"x":-3.1812267303466799,"y":-3.7570748329162599,"z":4.489492416381836},"rotation":{"x":0.0941019281744957,"y":-0.9040729999542236,"z":0.3236849009990692,"w":0.26283180713653567},"size":2.9699087142944338,"orthographic":false}