{"cameraMode":{"drawMode":0,"name":"Shaded","section":"Shading Mode"},"sceneLighting":false,"audioPlay":false,"sceneViewState":{"showFog":true,"showMaterialUpdate":true,"showSkybox":false,"showFlares":true,"showImageEffects":true,"showParticleSystems":true},"in2DMode":false,"pivot":{"x":3.221893310546875,"y":2.6433677673339845,"z":-4.02302360534668},"rotation":{"x":-0.20299218595027924,"y":-0.7166294455528259,"z":0.23256391286849976,"w":-0.6254652142524719},"size":16.15218734741211,"orthographic":false}