{"cameraMode":{"drawMode":0,"name":"Shaded","section":"Shading Mode"},"sceneLighting":false,"audioPlay":false,"sceneViewState":{"showFog":false,"showMaterialUpdate":false,"showSkybox":false,"showFlares":false,"showImageEffects":false,"showParticleSystems":false},"in2DMode":false,"pivot":{"x":3.309020519256592,"y":2.585165023803711,"z":10.868817329406739},"rotation":{"x":0.17696191370487214,"y":0.6119292378425598,"z":-0.142957404255867,"w":0.757493793964386},"size":3.601039409637451,"orthographic":false}