{"cameraMode":{"drawMode":0,"name":"Shaded","section":"Shading Mode"},"sceneLighting":false,"audioPlay":false,"sceneViewState":{"showFog":false,"showMaterialUpdate":false,"showSkybox":false,"showFlares":false,"showImageEffects":false,"showParticleSystems":false},"in2DMode":false,"pivot":{"x":8.330073356628418,"y":2.1220879554748537,"z":13.248682022094727},"rotation":{"x":-0.03179022669792175,"y":-0.6262505650520325,"z":0.025570837780833246,"w":-0.778555154800415},"size":6.3103861808776859,"orthographic":false}