{"cameraMode":{"drawMode":0,"name":"Shaded","section":"Shading Mode"},"sceneLighting":false,"audioPlay":false,"sceneViewState":{"showFog":false,"showMaterialUpdate":false,"showSkybox":false,"showFlares":false,"showImageEffects":false,"showParticleSystems":false},"in2DMode":false,"pivot":{"x":2.9211816787719728,"y":2.585167407989502,"z":10.479020118713379},"rotation":{"x":0.35380181670188906,"y":-0.45471176505088808,"z":0.2033260315656662,"w":0.7917212247848511},"size":5.101045608520508,"orthographic":false}