{"cameraMode":{"drawMode":0,"name":"Shaded","section":"Shading Mode"},"sceneLighting":false,"audioPlay":false,"sceneViewState":{"showFog":false,"showMaterialUpdate":false,"showSkybox":false,"showFlares":false,"showImageEffects":false,"showParticleSystems":false},"in2DMode":false,"pivot":{"x":1.9093189239501954,"y":-0.7003204822540283,"z":11.291885375976563},"rotation":{"x":0.18695904314517976,"y":0.26369306445121767,"z":-0.05209578201174736,"w":0.9449350237846375},"size":3.9106667041778566,"orthographic":false}