{"cameraMode":{"drawMode":0,"name":"Shaded","section":"Shading Mode"},"sceneLighting":false,"audioPlay":false,"sceneViewState":{"showFog":true,"showMaterialUpdate":true,"showSkybox":false,"showFlares":true,"showImageEffects":true,"showParticleSystems":true},"in2DMode":false,"pivot":{"x":-55.11594009399414,"y":77.1416015625,"z":238.66030883789063},"rotation":{"x":0.25353386998176577,"y":-0.05884584039449692,"z":0.015445884317159653,"w":0.9654417634010315},"size":3.869913339614868,"orthographic":false}