{"cameraMode":{"drawMode":0,"name":"Shaded","section":"Shading Mode"},"sceneLighting":false,"audioPlay":false,"sceneViewState":{"showFog":false,"showMaterialUpdate":false,"showSkybox":false,"showFlares":false,"showImageEffects":false,"showParticleSystems":false},"in2DMode":false,"pivot":{"x":-128.25462341308595,"y":1393.2567138671875,"z":-2.427783250808716},"rotation":{"x":-0.003159367712214589,"y":-0.865611732006073,"z":0.005461330991238356,"w":-0.500678539276123},"size":2.6529643535614015,"orthographic":false}