{"cameraMode":{"drawMode":0,"name":"Shaded","section":"Shading Mode"},"sceneLighting":false,"audioPlay":false,"sceneViewState":{"showFog":false,"showMaterialUpdate":false,"showSkybox":false,"showFlares":false,"showImageEffects":false,"showParticleSystems":false},"in2DMode":false,"pivot":{"x":0.2886042594909668,"y":0.9399999976158142,"z":11.010000228881836},"rotation":{"x":-0.21595971286296845,"y":0.034262653440237048,"z":-0.0075811706483364109,"w":-0.9757784008979797},"size":2.7186198234558107,"orthographic":false}