{"cameraMode":{"drawMode":0,"name":"Shaded","section":"Shading Mode"},"sceneLighting":false,"audioPlay":false,"sceneViewState":{"showFog":false,"showMaterialUpdate":false,"showSkybox":false,"showFlares":false,"showImageEffects":false,"showParticleSystems":false},"in2DMode":false,"pivot":{"x":0.7144566774368286,"y":-0.30336785316467287,"z":4.764432430267334},"rotation":{"x":0.1522025465965271,"y":-0.08082705736160279,"z":0.012488096952438355,"w":0.9849873781204224},"size":5.6660261154174809,"orthographic":false}