{"cameraMode":{"drawMode":0,"name":"Shaded","section":"Shading Mode"},"sceneLighting":false,"audioPlay":false,"sceneViewState":{"showFog":false,"showMaterialUpdate":false,"showSkybox":false,"showFlares":false,"showImageEffects":false,"showParticleSystems":false},"in2DMode":false,"pivot":{"x":3.096552848815918,"y":1.4364510774612427,"z":10.43448257446289},"rotation":{"x":0.17331703007221223,"y":-0.03629598766565323,"z":0.006486737169325352,"w":0.9842275381088257},"size":2.701045274734497,"orthographic":false}