{"cameraMode":{"drawMode":0,"name":"Shaded","section":"Shading Mode"},"sceneLighting":true,"audioPlay":false,"sceneViewState":{"showFog":false,"showMaterialUpdate":false,"showSkybox":false,"showFlares":false,"showImageEffects":false,"showParticleSystems":false},"in2DMode":false,"pivot":{"x":0.7677789926528931,"y":3.1965770721435549,"z":-69.06944274902344},"rotation":{"x":0.10267474502325058,"y":-0.07988864928483963,"z":-0.008274363353848458,"w":-0.991470217704773},"size":1.8799703121185303,"orthographic":false}