{"cameraMode":{"drawMode":0,"name":"Shaded","section":"Shading Mode"},"sceneLighting":false,"audioPlay":false,"sceneViewState":{"showFog":false,"showMaterialUpdate":false,"showSkybox":false,"showFlares":false,"showImageEffects":false,"showParticleSystems":false},"in2DMode":false,"pivot":{"x":-0.0490875244140625,"y":2.9561691284179689,"z":34.180904388427737},"rotation":{"x":-0.18877185881137849,"y":0.585536777973175,"z":-0.14255909621715547,"w":-0.7754043936729431},"size":10.160103797912598,"orthographic":false}