{"cameraMode":{"drawMode":0,"name":"Shaded","section":"Shading Mode"},"sceneLighting":false,"audioPlay":false,"sceneViewState":{"showFog":false,"showMaterialUpdate":false,"showSkybox":false,"showFlares":false,"showImageEffects":false,"showParticleSystems":false},"in2DMode":false,"pivot":{"x":-1.4530234336853028,"y":-5.661518096923828,"z":-3.3033409118652345},"rotation":{"x":0.35380181670188906,"y":-0.45471176505088808,"z":0.2033260315656662,"w":0.7917212247848511},"size":8.455018997192383,"orthographic":false}