{"cameraMode":{"drawMode":0,"name":"Shaded","section":"Shading Mode"},"sceneLighting":false,"audioPlay":false,"sceneViewState":{"showFog":false,"showMaterialUpdate":false,"showSkybox":false,"showFlares":false,"showImageEffects":false,"showParticleSystems":false},"in2DMode":false,"pivot":{"x":-0.0133514404296875,"y":-0.7452263832092285,"z":-134.0381317138672},"rotation":{"x":0.3744029998779297,"y":0.2770557999610901,"z":-0.11828073114156723,"w":0.8769740462303162},"size":11.236102104187012,"orthographic":false}