{"cameraMode":{"drawMode":0,"name":"Shaded","section":"Shading Mode"},"sceneLighting":false,"audioPlay":false,"sceneViewState":{"showFog":false,"showMaterialUpdate":false,"showSkybox":false,"showFlares":false,"showImageEffects":false,"showParticleSystems":false},"in2DMode":false,"pivot":{"x":-1.8930110931396485,"y":-2.782923698425293,"z":-133.89598083496095},"rotation":{"x":-0.6464986205101013,"y":0.03360801562666893,"z":-0.028527550399303438,"w":-0.7616416811943054},"size":10.631604194641114,"orthographic":false}