{"cameraMode":{"drawMode":0,"name":"Shaded","section":"Shading Mode"},"sceneLighting":false,"audioPlay":false,"sceneViewState":{"showFog":false,"showMaterialUpdate":false,"showSkybox":false,"showFlares":false,"showImageEffects":false,"showParticleSystems":false},"in2DMode":false,"pivot":{"x":-130.04916381835938,"y":1379.3310546875,"z":2.130838632583618},"rotation":{"x":0.2570854723453522,"y":0.5454334020614624,"z":-0.18044951558113099,"w":0.7770823240280151},"size":1.4952154159545899,"orthographic":false}