{"cameraMode":{"drawMode":0,"name":"Shaded","section":"Shading Mode"},"sceneLighting":false,"audioPlay":false,"sceneViewState":{"showFog":false,"showMaterialUpdate":false,"showSkybox":false,"showFlares":false,"showImageEffects":false,"showParticleSystems":false},"in2DMode":false,"pivot":{"x":-0.0133514404296875,"y":-0.7452263832092285,"z":-5.038135528564453},"rotation":{"x":0.04954579845070839,"y":-0.9462879300117493,"z":0.266817569732666,"w":0.17605429887771607},"size":11.236102104187012,"orthographic":false}