{"cameraMode":{"drawMode":0,"name":"Shaded","section":"Shading Mode"},"sceneLighting":false,"audioPlay":false,"sceneViewState":{"showFog":false,"showMaterialUpdate":false,"showSkybox":false,"showFlares":false,"showImageEffects":false,"showParticleSystems":false},"in2DMode":false,"pivot":{"x":3.199291706085205,"y":1.368372917175293,"z":10.479721069335938},"rotation":{"x":-0.14816200733184815,"y":0.7363378405570984,"z":-0.17109930515289308,"w":-0.6376551389694214},"size":2.5253238677978517,"orthographic":false}