{"cameraMode":{"drawMode":0,"name":"Shaded","section":"Shading Mode"},"sceneLighting":false,"audioPlay":false,"sceneViewState":{"showFog":true,"showMaterialUpdate":true,"showSkybox":false,"showFlares":true,"showImageEffects":true,"showParticleSystems":true},"in2DMode":false,"pivot":{"x":-0.017928481101989747,"y":1.271005392074585,"z":-0.45006752014160159},"rotation":{"x":0.09696699678897858,"y":0.9030582308769226,"z":-0.29756805300712588,"w":0.2942444682121277},"size":3.382207155227661,"orthographic":false}