{"cameraMode":{"drawMode":0,"name":"Shaded","section":"Shading Mode"},"sceneLighting":true,"audioPlay":false,"sceneViewState":{"showFog":false,"showMaterialUpdate":false,"showSkybox":false,"showFlares":false,"showImageEffects":false,"showParticleSystems":false},"in2DMode":false,"pivot":{"x":-132.90968322753907,"y":1376.8167724609375,"z":-0.012119770050048828},"rotation":{"x":0.2170248031616211,"y":-0.530829131603241,"z":0.14280818402767182,"w":0.8066835403442383},"size":5.259629726409912,"orthographic":false}