{"cameraMode":{"drawMode":0,"name":"Shaded","section":"Shading Mode"},"sceneLighting":false,"audioPlay":false,"sceneViewState":{"showFog":false,"showMaterialUpdate":false,"showSkybox":false,"showFlares":false,"showImageEffects":false,"showParticleSystems":false},"in2DMode":false,"pivot":{"x":-0.7143316268920898,"y":0.729205846786499,"z":18.088594436645509},"rotation":{"x":0.27125659584999087,"y":0.09222543239593506,"z":-0.02611834742128849,"w":0.9577283263206482},"size":3.391737699508667,"orthographic":false}