{"cameraMode":{"drawMode":0,"name":"Shaded","section":"Shading Mode"},"sceneLighting":false,"audioPlay":false,"sceneViewState":{"showFog":true,"showMaterialUpdate":true,"showSkybox":false,"showFlares":true,"showImageEffects":true,"showParticleSystems":true},"in2DMode":false,"pivot":{"x":5.899497032165527,"y":0.5614283084869385,"z":360.70684814453127},"rotation":{"x":0.011952868662774563,"y":0.9168049693107605,"z":-0.3982645273208618,"w":0.027496838942170144},"size":2.2722535133361818,"orthographic":false}