{"cameraMode":{"drawMode":0,"name":"Shaded","section":"Shading Mode"},"sceneLighting":false,"audioPlay":false,"sceneViewState":{"showFog":false,"showMaterialUpdate":false,"showSkybox":false,"showFlares":false,"showImageEffects":false,"showParticleSystems":false},"in2DMode":false,"pivot":{"x":4.752999782562256,"y":1.94014573097229,"z":13.01999282836914},"rotation":{"x":0.17331703007221223,"y":-0.03629598766565323,"z":0.006486737169325352,"w":0.9842275381088257},"size":4.8010454177856449,"orthographic":false}